repo_name,forks_count,stargazers_count,open_issues_count,issue_to_star_ratio,star_to_follower_ratio,fork_to_star_ratio
torvalds/linux,67014,251433,0,0.0,,0.266528260013602
python/cpython,37548,77556,0,0.0,,0.4841404920315643
rust-lang/rust,17856,119697,0,0.0,,0.14917667109451366
golang/go,21512,139321,0,0.0,,0.15440601201541762
psf/requests,12071,54503,0,0.0,,0.2214740473001486
astral-sh/uv,3632,90490,0,0.0,,0.04013703171621174
pallets/flask,17060,74933,0,0.0,,0.22767005191304232
pandas-dev/pandas,20473,49928,0,0.0,,0.41005047268066014
fastapi/fastapi,10003,102868,0,0.0,,0.09724112454796438
pydantic/pydantic,3020,28955,0,0.0,,0.1042997755137282
huggingface/transformers,34765,167046,0,0.0,,0.20811632723920356
psf/black,2911,41874,0,0.0,,0.06951807804365477
fastapi/sqlmodel,890,18361,0,0.0,,0.048472305429987476
pypa/pip,3398,10292,0,0.0,,0.33015934706568206
pypa/build,181,857,0,0.0,,0.21120186697782964
psf/cachecontrol,153,505,0,0.0,,0.30297029702970296
octocat/Spoon-Knife,159846,14084,0,0.0,,11.34947458108492
octocat/Hello-World,7019,3851,0,0.0,,1.8226434692287719
freeCodeCamp/freeCodeCamp,48435,456924,0,0.0,,0.1060023111064422
pypa/sampleproject,1748,5242,0,0.0,,0.3334605112552461
